frame,time_seconds,object_count,detected_object_count,collision_candidate_count,max_risk_score,max_risk_status,max_risk_object,max_risk_track_id,max_risk_ttc_seconds
0,0.0,0,12,0,0.0,SAFE,,,
1,0.033,0,12,0,0.0,SAFE,,,
2,0.067,0,11,0,0.0,SAFE,,,
3,0.1,0,10,0,0.0,SAFE,,,
4,0.133,0,10,0,0.0,SAFE,,,
5,0.167,0,10,0,0.0,SAFE,,,
6,0.2,0,10,0,0.0,SAFE,,,
7,0.233,0,10,0,0.0,SAFE,,,
8,0.267,0,10,0,0.0,SAFE,,,
9,0.3,0,10,0,0.0,SAFE,,,
10,0.333,0,10,0,0.0,SAFE,,,
11,0.367,0,9,0,0.0,SAFE,,,
12,0.4,0,9,0,0.0,SAFE,,,
13,0.433,0,10,0,0.0,SAFE,,,
14,0.467,0,10,0,0.0,SAFE,,,
15,0.5,0,11,0,0.0,SAFE,,,
16,0.533,0,9,0,0.0,SAFE,,,
17,0.567,0,8,0,0.0,SAFE,,,
18,0.6,0,8,0,0.0,SAFE,,,
19,0.633,0,7,0,0.0,SAFE,,,
20,0.667,0,6,0,0.0,SAFE,,,
21,0.7,0,6,0,0.0,SAFE,,,
22,0.733,0,6,0,0.0,SAFE,,,
23,0.767,0,6,0,0.0,SAFE,,,
24,0.8,0,5,0,0.0,SAFE,,,
25,0.833,0,6,0,0.0,SAFE,,,
26,0.867,0,6,0,0.0,SAFE,,,
27,0.9,0,6,0,0.0,SAFE,,,
28,0.933,0,6,0,0.0,SAFE,,,
29,0.967,0,6,0,0.0,SAFE,,,
30,1.0,0,6,0,0.0,SAFE,,,
31,1.033,0,4,0,0.0,SAFE,,,
32,1.067,0,8,0,0.0,SAFE,,,
33,1.1,0,7,0,0.0,SAFE,,,
34,1.133,0,8,0,0.0,SAFE,,,
35,1.167,0,7,0,0.0,SAFE,,,
36,1.2,0,7,0,0.0,SAFE,,,
37,1.233,0,9,0,0.0,SAFE,,,
38,1.267,0,8,0,0.0,SAFE,,,
39,1.3,0,8,0,0.0,SAFE,,,
40,1.333,0,8,0,0.0,SAFE,,,
41,1.367,0,8,0,0.0,SAFE,,,
42,1.4,0,8,0,0.0,SAFE,,,
43,1.433,0,8,0,0.0,SAFE,,,
44,1.467,0,8,0,0.0,SAFE,,,
45,1.5,0,8,0,0.0,SAFE,,,
46,1.533,0,7,0,0.0,SAFE,,,
47,1.567,0,8,0,0.0,SAFE,,,
48,1.6,0,10,0,0.0,SAFE,,,
49,1.633,0,11,0,0.0,SAFE,,,
50,1.667,0,12,0,0.0,SAFE,,,
51,1.7,0,11,0,0.0,SAFE,,,
52,1.733,0,10,0,0.0,SAFE,,,
53,1.767,0,9,0,0.0,SAFE,,,
54,1.8,0,10,0,0.0,SAFE,,,
55,1.833,0,7,0,0.0,SAFE,,,
56,1.867,0,8,0,0.0,SAFE,,,
57,1.9,0,7,0,0.0,SAFE,,,
58,1.933,0,7,0,0.0,SAFE,,,
59,1.967,0,7,0,0.0,SAFE,,,
60,2.0,0,7,0,0.0,SAFE,,,
61,2.033,0,8,0,0.0,SAFE,,,
62,2.067,0,8,0,0.0,SAFE,,,
63,2.1,0,9,0,0.0,SAFE,,,
64,2.133,0,8,0,0.0,SAFE,,,
65,2.167,0,8,0,0.0,SAFE,,,
66,2.2,0,9,0,0.0,SAFE,,,
67,2.233,0,9,0,0.0,SAFE,,,
68,2.267,0,9,0,0.0,SAFE,,,
69,2.3,0,9,0,0.0,SAFE,,,
70,2.333,0,9,0,0.0,SAFE,,,
71,2.367,0,8,0,0.0,SAFE,,,
72,2.4,0,9,0,0.0,SAFE,,,
73,2.433,0,10,0,0.0,SAFE,,,
74,2.467,0,8,0,0.0,SAFE,,,
75,2.5,0,8,0,0.0,SAFE,,,
76,2.533,0,8,0,0.0,SAFE,,,
77,2.567,0,9,0,0.0,SAFE,,,
78,2.6,0,8,0,0.0,SAFE,,,
79,2.633,0,9,0,0.0,SAFE,,,
80,2.667,0,10,0,0.0,SAFE,,,
81,2.7,0,10,0,0.0,SAFE,,,
82,2.733,0,9,0,0.0,SAFE,,,
83,2.767,0,10,0,0.0,SAFE,,,
84,2.8,0,9,0,0.0,SAFE,,,
85,2.833,0,9,0,0.0,SAFE,,,
86,2.867,0,8,0,0.0,SAFE,,,
87,2.9,0,8,0,0.0,SAFE,,,
88,2.933,0,8,0,0.0,SAFE,,,
89,2.967,0,8,0,0.0,SAFE,,,
90,3.0,0,8,0,0.0,SAFE,,,
91,3.033,0,8,0,0.0,SAFE,,,
92,3.067,0,8,0,0.0,SAFE,,,
93,3.1,0,8,0,0.0,SAFE,,,
94,3.133,0,8,0,0.0,SAFE,,,
95,3.167,0,8,0,0.0,SAFE,,,
96,3.2,0,8,0,0.0,SAFE,,,
97,3.233,0,8,0,0.0,SAFE,,,
98,3.267,0,8,0,0.0,SAFE,,,
99,3.3,0,9,0,0.0,SAFE,,,
100,3.333,0,8,0,0.0,SAFE,,,
101,3.367,0,9,0,0.0,SAFE,,,
102,3.4,0,8,0,0.0,SAFE,,,
103,3.433,0,9,0,0.0,SAFE,,,
104,3.467,0,10,0,0.0,SAFE,,,
105,3.5,0,11,0,0.0,SAFE,,,
106,3.533,0,10,0,0.0,SAFE,,,
107,3.567,0,11,0,0.0,SAFE,,,
108,3.6,0,10,0,0.0,SAFE,,,
109,3.633,0,11,0,0.0,SAFE,,,
110,3.667,0,10,0,0.0,SAFE,,,
111,3.7,0,10,0,0.0,SAFE,,,
112,3.733,0,10,0,0.0,SAFE,,,
113,3.767,0,9,0,0.0,SAFE,,,
114,3.8,0,10,0,0.0,SAFE,,,
115,3.833,0,10,0,0.0,SAFE,,,
116,3.867,0,9,0,0.0,SAFE,,,
117,3.9,0,9,0,0.0,SAFE,,,
118,3.933,0,9,0,0.0,SAFE,,,
119,3.967,0,9,0,0.0,SAFE,,,
120,4.0,0,9,0,0.0,SAFE,,,
121,4.033,0,9,0,0.0,SAFE,,,
122,4.067,0,9,0,0.0,SAFE,,,
123,4.1,0,9,0,0.0,SAFE,,,
124,4.133,0,10,0,0.0,SAFE,,,
125,4.167,0,10,0,0.0,SAFE,,,
126,4.2,0,10,0,0.0,SAFE,,,
127,4.233,0,10,0,0.0,SAFE,,,
128,4.267,0,10,0,0.0,SAFE,,,
129,4.3,0,10,0,0.0,SAFE,,,
130,4.333,0,10,0,0.0,SAFE,,,
131,4.367,0,10,0,0.0,SAFE,,,
132,4.4,0,10,0,0.0,SAFE,,,
133,4.433,0,10,0,0.0,SAFE,,,
134,4.467,0,10,0,0.0,SAFE,,,
135,4.5,0,10,0,0.0,SAFE,,,
136,4.533,0,11,0,0.0,SAFE,,,
137,4.567,0,10,0,0.0,SAFE,,,
138,4.6,0,11,0,0.0,SAFE,,,
139,4.633,0,12,0,0.0,SAFE,,,
140,4.667,0,12,0,0.0,SAFE,,,
141,4.7,0,13,0,0.0,SAFE,,,
142,4.733,0,11,0,0.0,SAFE,,,
143,4.767,0,12,0,0.0,SAFE,,,
144,4.8,0,12,0,0.0,SAFE,,,
145,4.833,0,12,0,0.0,SAFE,,,
146,4.867,0,14,0,0.0,SAFE,,,
147,4.9,0,13,0,0.0,SAFE,,,
148,4.933,0,13,0,0.0,SAFE,,,
149,4.967,0,13,0,0.0,SAFE,,,
150,5.0,0,13,0,0.0,SAFE,,,
151,5.033,0,13,0,0.0,SAFE,,,
152,5.067,0,13,0,0.0,SAFE,,,
153,5.1,0,12,0,0.0,SAFE,,,
154,5.133,0,10,0,0.0,SAFE,,,
155,5.167,0,11,0,0.0,SAFE,,,
156,5.2,0,10,0,0.0,SAFE,,,
157,5.233,0,10,0,0.0,SAFE,,,
158,5.267,0,10,0,0.0,SAFE,,,
159,5.3,0,12,0,0.0,SAFE,,,
160,5.333,0,11,0,0.0,SAFE,,,
161,5.367,0,11,0,0.0,SAFE,,,
162,5.4,0,11,0,0.0,SAFE,,,
163,5.433,0,11,0,0.0,SAFE,,,
164,5.467,0,12,0,0.0,SAFE,,,
165,5.5,0,11,0,0.0,SAFE,,,
166,5.533,0,12,0,0.0,SAFE,,,
167,5.567,0,12,0,0.0,SAFE,,,
168,5.6,0,11,0,0.0,SAFE,,,
169,5.633,0,13,0,0.0,SAFE,,,
170,5.667,0,13,0,0.0,SAFE,,,
171,5.7,0,13,0,0.0,SAFE,,,
172,5.733,0,11,0,0.0,SAFE,,,
173,5.767,0,11,0,0.0,SAFE,,,
174,5.8,0,10,0,0.0,SAFE,,,
175,5.833,0,12,0,0.0,SAFE,,,
176,5.867,0,12,0,0.0,SAFE,,,
177,5.9,0,12,0,0.0,SAFE,,,
178,5.933,0,12,0,0.0,SAFE,,,
179,5.967,0,12,0,0.0,SAFE,,,
180,6.0,0,12,0,0.0,SAFE,,,
181,6.033,0,11,0,0.0,SAFE,,,
182,6.067,0,11,0,0.0,SAFE,,,
183,6.1,0,11,0,0.0,SAFE,,,
184,6.133,0,10,0,0.0,SAFE,,,
185,6.167,0,9,0,0.0,SAFE,,,
186,6.2,0,10,0,0.0,SAFE,,,
187,6.233,0,11,0,0.0,SAFE,,,
188,6.267,0,11,0,0.0,SAFE,,,
189,6.3,0,11,0,0.0,SAFE,,,
190,6.333,0,10,0,0.0,SAFE,,,
191,6.367,0,10,0,0.0,SAFE,,,
192,6.4,0,10,0,0.0,SAFE,,,
193,6.433,0,12,0,0.0,SAFE,,,
194,6.467,0,11,0,0.0,SAFE,,,
195,6.5,0,10,0,0.0,SAFE,,,
196,6.533,0,11,0,0.0,SAFE,,,
197,6.567,0,10,0,0.0,SAFE,,,
198,6.6,0,10,0,0.0,SAFE,,,
199,6.633,0,10,0,0.0,SAFE,,,
200,6.667,0,12,0,0.0,SAFE,,,
201,6.7,0,10,0,0.0,SAFE,,,
202,6.733,0,11,0,0.0,SAFE,,,
203,6.767,0,13,0,0.0,SAFE,,,
204,6.8,0,12,0,0.0,SAFE,,,
205,6.833,0,12,0,0.0,SAFE,,,
206,6.867,0,12,0,0.0,SAFE,,,
207,6.9,0,11,0,0.0,SAFE,,,
208,6.933,0,11,0,0.0,SAFE,,,
209,6.967,0,12,0,0.0,SAFE,,,
210,7.0,0,11,0,0.0,SAFE,,,
211,7.033,0,13,0,0.0,SAFE,,,
212,7.067,0,13,0,0.0,SAFE,,,
213,7.1,0,13,0,0.0,SAFE,,,
214,7.133,0,13,0,0.0,SAFE,,,
215,7.167,0,12,0,0.0,SAFE,,,
216,7.2,0,13,0,0.0,SAFE,,,
217,7.233,0,13,0,0.0,SAFE,,,
218,7.267,0,13,0,0.0,SAFE,,,
219,7.3,0,13,0,0.0,SAFE,,,
220,7.333,0,13,0,0.0,SAFE,,,
221,7.367,0,12,0,0.0,SAFE,,,
222,7.4,0,11,0,0.0,SAFE,,,
223,7.433,0,10,0,0.0,SAFE,,,
224,7.467,0,11,0,0.0,SAFE,,,
225,7.5,0,11,0,0.0,SAFE,,,
226,7.533,0,11,0,0.0,SAFE,,,
227,7.567,0,11,0,0.0,SAFE,,,
228,7.6,0,11,0,0.0,SAFE,,,
229,7.633,0,12,0,0.0,SAFE,,,
230,7.667,0,11,0,0.0,SAFE,,,
231,7.7,0,9,0,0.0,SAFE,,,
232,7.733,0,11,0,0.0,SAFE,,,
233,7.767,0,10,0,0.0,SAFE,,,
234,7.8,0,10,0,0.0,SAFE,,,
235,7.833,0,10,0,0.0,SAFE,,,
236,7.867,0,8,0,0.0,SAFE,,,
237,7.9,0,9,0,0.0,SAFE,,,
238,7.933,0,9,0,0.0,SAFE,,,
239,7.967,0,9,0,0.0,SAFE,,,
240,8.0,0,9,0,0.0,SAFE,,,
241,8.033,0,10,0,0.0,SAFE,,,
242,8.067,0,10,0,0.0,SAFE,,,
243,8.1,0,11,0,0.0,SAFE,,,
244,8.133,0,11,0,0.0,SAFE,,,
245,8.167,0,11,0,0.0,SAFE,,,
246,8.2,0,10,0,0.0,SAFE,,,
247,8.233,0,11,0,0.0,SAFE,,,
248,8.267,0,10,0,0.0,SAFE,,,
249,8.3,0,11,0,0.0,SAFE,,,
250,8.333,0,11,0,0.0,SAFE,,,
251,8.367,0,11,0,0.0,SAFE,,,
252,8.4,0,10,0,0.0,SAFE,,,
253,8.433,0,9,0,0.0,SAFE,,,
254,8.467,0,10,0,0.0,SAFE,,,
255,8.5,0,8,0,0.0,SAFE,,,
256,8.533,0,10,0,0.0,SAFE,,,
257,8.567,0,8,0,0.0,SAFE,,,
258,8.6,0,9,0,0.0,SAFE,,,
259,8.633,0,9,0,0.0,SAFE,,,
260,8.667,0,10,0,0.0,SAFE,,,
261,8.7,0,9,0,0.0,SAFE,,,
262,8.733,0,9,0,0.0,SAFE,,,
263,8.767,0,9,0,0.0,SAFE,,,
264,8.8,0,10,0,0.0,SAFE,,,
265,8.833,0,9,0,0.0,SAFE,,,
266,8.867,0,10,0,0.0,SAFE,,,
267,8.9,0,11,0,0.0,SAFE,,,
268,8.933,0,9,0,0.0,SAFE,,,
269,8.967,0,9,0,0.0,SAFE,,,
270,9.0,0,8,0,0.0,SAFE,,,
271,9.033,0,9,0,0.0,SAFE,,,
272,9.067,0,9,0,0.0,SAFE,,,
273,9.1,0,8,0,0.0,SAFE,,,
274,9.133,0,7,0,0.0,SAFE,,,
275,9.167,0,7,0,0.0,SAFE,,,
276,9.2,0,6,0,0.0,SAFE,,,
277,9.233,0,6,0,0.0,SAFE,,,
278,9.267,0,7,0,0.0,SAFE,,,
279,9.3,0,6,0,0.0,SAFE,,,
280,9.333,0,6,0,0.0,SAFE,,,
281,9.367,0,6,0,0.0,SAFE,,,
282,9.4,0,6,0,0.0,SAFE,,,
283,9.433,0,7,0,0.0,SAFE,,,
284,9.467,0,8,0,0.0,SAFE,,,
285,9.5,0,9,0,0.0,SAFE,,,
286,9.533,0,8,0,0.0,SAFE,,,
287,9.567,0,8,0,0.0,SAFE,,,
288,9.6,0,6,0,0.0,SAFE,,,
289,9.633,0,7,0,0.0,SAFE,,,
290,9.667,0,9,0,0.0,SAFE,,,
291,9.7,0,9,0,0.0,SAFE,,,
292,9.733,0,10,0,0.0,SAFE,,,
293,9.767,0,10,0,0.0,SAFE,,,
294,9.8,0,9,0,0.0,SAFE,,,
295,9.833,0,9,0,0.0,SAFE,,,
296,9.867,0,9,0,0.0,SAFE,,,
297,9.9,0,8,0,0.0,SAFE,,,
298,9.933,0,10,0,0.0,SAFE,,,
299,9.967,0,12,0,0.0,SAFE,,,
300,10.0,0,11,0,0.0,SAFE,,,
301,10.033,0,11,0,0.0,SAFE,,,
302,10.067,0,10,0,0.0,SAFE,,,
303,10.1,0,11,0,0.0,SAFE,,,
304,10.133,0,12,0,0.0,SAFE,,,
305,10.167,0,12,0,0.0,SAFE,,,
306,10.2,0,12,0,0.0,SAFE,,,
307,10.233,0,10,0,0.0,SAFE,,,
308,10.267,0,10,0,0.0,SAFE,,,
309,10.3,0,9,0,0.0,SAFE,,,
310,10.333,0,9,0,0.0,SAFE,,,
311,10.367,0,10,0,0.0,SAFE,,,
312,10.4,0,13,0,0.0,SAFE,,,
313,10.433,0,12,0,0.0,SAFE,,,
314,10.467,0,12,0,0.0,SAFE,,,
315,10.5,0,13,0,0.0,SAFE,,,
316,10.533,0,11,0,0.0,SAFE,,,
317,10.567,0,12,0,0.0,SAFE,,,
318,10.6,0,9,0,0.0,SAFE,,,
319,10.633,0,10,0,0.0,SAFE,,,
320,10.667,0,10,0,0.0,SAFE,,,
321,10.7,0,10,0,0.0,SAFE,,,
322,10.733,0,9,0,0.0,SAFE,,,
323,10.767,0,9,0,0.0,SAFE,,,
324,10.8,0,10,0,0.0,SAFE,,,
325,10.833,0,9,0,0.0,SAFE,,,
326,10.867,0,10,0,0.0,SAFE,,,
327,10.9,0,10,0,0.0,SAFE,,,
328,10.933,0,12,0,0.0,SAFE,,,
329,10.967,0,12,0,0.0,SAFE,,,
330,11.0,0,11,0,0.0,SAFE,,,
331,11.033,0,11,0,0.0,SAFE,,,
332,11.067,0,9,0,0.0,SAFE,,,
333,11.1,0,10,0,0.0,SAFE,,,
334,11.133,0,11,0,0.0,SAFE,,,
335,11.167,0,12,0,0.0,SAFE,,,
336,11.2,0,12,0,0.0,SAFE,,,
337,11.233,0,12,0,0.0,SAFE,,,
338,11.267,0,13,0,0.0,SAFE,,,
339,11.3,0,12,0,0.0,SAFE,,,
340,11.333,0,14,0,0.0,SAFE,,,
341,11.367,0,12,0,0.0,SAFE,,,
342,11.4,0,11,0,0.0,SAFE,,,
343,11.433,0,11,0,0.0,SAFE,,,
344,11.467,0,12,0,0.0,SAFE,,,
345,11.5,0,13,0,0.0,SAFE,,,
346,11.533,0,11,0,0.0,SAFE,,,
347,11.567,1,13,1,100.0,RISK,car,354,1.671
348,11.6,0,11,0,0.0,SAFE,,,
349,11.633,0,11,0,0.0,SAFE,,,
350,11.667,0,11,0,0.0,SAFE,,,
351,11.7,0,11,0,0.0,SAFE,,,
352,11.733,0,11,0,0.0,SAFE,,,
353,11.767,0,11,0,0.0,SAFE,,,
354,11.8,0,13,0,0.0,SAFE,,,
355,11.833,0,12,0,0.0,SAFE,,,
356,11.867,0,13,0,0.0,SAFE,,,
357,11.9,0,12,0,0.0,SAFE,,,
358,11.933,0,12,0,0.0,SAFE,,,
359,11.967,0,11,0,0.0,SAFE,,,
360,12.0,0,11,0,0.0,SAFE,,,
361,12.033,0,12,0,0.0,SAFE,,,
362,12.067,0,10,0,0.0,SAFE,,,
363,12.1,0,10,0,0.0,SAFE,,,
364,12.133,0,12,0,0.0,SAFE,,,
365,12.167,0,13,0,0.0,SAFE,,,
366,12.2,0,13,0,0.0,SAFE,,,
367,12.233,0,13,0,0.0,SAFE,,,
368,12.267,0,14,0,0.0,SAFE,,,
369,12.3,0,14,0,0.0,SAFE,,,
370,12.333,0,12,0,0.0,SAFE,,,
371,12.367,0,11,0,0.0,SAFE,,,
372,12.4,0,11,0,0.0,SAFE,,,
373,12.433,0,11,0,0.0,SAFE,,,
374,12.467,0,11,0,0.0,SAFE,,,
375,12.5,0,10,0,0.0,SAFE,,,
376,12.533,0,10,0,0.0,SAFE,,,
377,12.567,0,10,0,0.0,SAFE,,,
378,12.6,0,9,0,0.0,SAFE,,,
379,12.633,0,9,0,0.0,SAFE,,,
380,12.667,0,8,0,0.0,SAFE,,,
381,12.7,0,8,0,0.0,SAFE,,,
382,12.733,0,10,0,0.0,SAFE,,,
383,12.767,0,8,0,0.0,SAFE,,,
384,12.8,0,10,0,0.0,SAFE,,,
385,12.833,0,9,0,0.0,SAFE,,,
386,12.867,0,9,0,0.0,SAFE,,,
387,12.9,0,10,0,0.0,SAFE,,,
388,12.933,0,11,0,0.0,SAFE,,,
389,12.967,0,10,0,0.0,SAFE,,,
390,13.0,0,11,0,0.0,SAFE,,,
391,13.033,0,10,0,0.0,SAFE,,,
392,13.067,0,11,0,0.0,SAFE,,,
393,13.1,0,12,0,0.0,SAFE,,,
394,13.133,0,11,0,0.0,SAFE,,,
395,13.167,0,12,0,0.0,SAFE,,,
396,13.2,0,11,0,0.0,SAFE,,,
397,13.233,0,11,0,0.0,SAFE,,,
398,13.267,0,10,0,0.0,SAFE,,,
399,13.3,0,10,0,0.0,SAFE,,,
400,13.333,0,11,0,0.0,SAFE,,,
401,13.367,0,12,0,0.0,SAFE,,,
402,13.4,0,12,0,0.0,SAFE,,,
403,13.433,0,12,0,0.0,SAFE,,,
404,13.467,0,13,0,0.0,SAFE,,,
405,13.5,0,14,0,0.0,SAFE,,,
406,13.533,0,14,0,0.0,SAFE,,,
407,13.567,0,16,0,0.0,SAFE,,,
408,13.6,0,14,0,0.0,SAFE,,,
409,13.633,0,14,0,0.0,SAFE,,,
410,13.667,0,13,0,0.0,SAFE,,,
411,13.7,0,13,0,0.0,SAFE,,,
412,13.733,0,14,0,0.0,SAFE,,,
413,13.767,0,13,0,0.0,SAFE,,,
414,13.8,0,12,0,0.0,SAFE,,,
415,13.833,0,12,0,0.0,SAFE,,,
416,13.867,0,12,0,0.0,SAFE,,,
417,13.9,0,11,0,0.0,SAFE,,,
418,13.933,0,13,0,0.0,SAFE,,,
419,13.967,0,10,0,0.0,SAFE,,,
420,14.0,0,11,0,0.0,SAFE,,,
421,14.033,0,12,0,0.0,SAFE,,,
422,14.067,0,11,0,0.0,SAFE,,,
423,14.1,0,11,0,0.0,SAFE,,,
424,14.133,0,12,0,0.0,SAFE,,,
425,14.167,0,13,0,0.0,SAFE,,,
426,14.2,0,14,0,0.0,SAFE,,,
427,14.233,0,12,0,0.0,SAFE,,,
428,14.267,0,13,0,0.0,SAFE,,,
429,14.3,0,12,0,0.0,SAFE,,,
430,14.333,0,12,0,0.0,SAFE,,,
431,14.367,0,13,0,0.0,SAFE,,,
432,14.4,0,12,0,0.0,SAFE,,,
433,14.433,0,13,0,0.0,SAFE,,,
434,14.467,0,11,0,0.0,SAFE,,,
435,14.5,0,11,0,0.0,SAFE,,,
436,14.533,0,12,0,0.0,SAFE,,,
437,14.567,0,12,0,0.0,SAFE,,,
438,14.6,0,12,0,0.0,SAFE,,,
439,14.633,0,13,0,0.0,SAFE,,,
440,14.667,0,13,0,0.0,SAFE,,,
441,14.7,0,13,0,0.0,SAFE,,,
442,14.733,0,14,0,0.0,SAFE,,,
443,14.767,0,14,0,0.0,SAFE,,,
444,14.8,0,13,0,0.0,SAFE,,,
445,14.833,0,13,0,0.0,SAFE,,,
446,14.867,0,13,0,0.0,SAFE,,,
447,14.9,0,13,0,0.0,SAFE,,,
448,14.933,0,14,0,0.0,SAFE,,,
449,14.967,0,15,0,0.0,SAFE,,,
450,15.0,0,13,0,0.0,SAFE,,,
451,15.033,0,13,0,0.0,SAFE,,,
452,15.067,0,13,0,0.0,SAFE,,,
453,15.1,0,13,0,0.0,SAFE,,,
454,15.133,0,13,0,0.0,SAFE,,,
455,15.167,0,14,0,0.0,SAFE,,,
456,15.2,0,13,0,0.0,SAFE,,,
457,15.233,0,12,0,0.0,SAFE,,,
458,15.267,0,11,0,0.0,SAFE,,,
459,15.3,0,11,0,0.0,SAFE,,,
460,15.333,0,10,0,0.0,SAFE,,,
461,15.367,0,10,0,0.0,SAFE,,,
462,15.4,0,10,0,0.0,SAFE,,,
463,15.433,0,11,0,0.0,SAFE,,,
464,15.467,0,11,0,0.0,SAFE,,,
465,15.5,0,10,0,0.0,SAFE,,,
466,15.533,0,11,0,0.0,SAFE,,,
467,15.567,0,11,0,0.0,SAFE,,,
468,15.6,0,11,0,0.0,SAFE,,,
469,15.633,0,12,0,0.0,SAFE,,,
470,15.667,0,10,0,0.0,SAFE,,,
471,15.7,0,11,0,0.0,SAFE,,,
472,15.733,0,9,0,0.0,SAFE,,,
473,15.767,0,9,0,0.0,SAFE,,,
474,15.8,0,9,0,0.0,SAFE,,,
475,15.833,0,9,0,0.0,SAFE,,,
476,15.867,0,10,0,0.0,SAFE,,,
477,15.9,0,10,0,0.0,SAFE,,,
478,15.933,0,10,0,0.0,SAFE,,,
479,15.967,0,11,0,0.0,SAFE,,,
480,16.0,0,11,0,0.0,SAFE,,,
481,16.033,0,11,0,0.0,SAFE,,,
482,16.067,0,11,0,0.0,SAFE,,,
483,16.1,0,11,0,0.0,SAFE,,,
484,16.133,0,10,0,0.0,SAFE,,,
485,16.167,0,9,0,0.0,SAFE,,,
486,16.2,0,10,0,0.0,SAFE,,,
487,16.233,0,9,0,0.0,SAFE,,,
488,16.267,0,11,0,0.0,SAFE,,,
489,16.3,0,11,0,0.0,SAFE,,,
490,16.333,0,11,0,0.0,SAFE,,,
491,16.367,0,8,0,0.0,SAFE,,,
492,16.4,0,11,0,0.0,SAFE,,,
493,16.433,0,10,0,0.0,SAFE,,,
494,16.467,0,10,0,0.0,SAFE,,,
495,16.5,1,11,1,100.0,RISK,car,835,1.139
496,16.533,0,10,0,0.0,SAFE,,,
497,16.567,0,10,0,0.0,SAFE,,,
498,16.6,0,11,0,0.0,SAFE,,,
499,16.633,0,12,0,0.0,SAFE,,,
500,16.667,0,13,0,0.0,SAFE,,,
501,16.7,0,12,0,0.0,SAFE,,,
502,16.733,0,11,0,0.0,SAFE,,,
503,16.767,0,10,0,0.0,SAFE,,,
504,16.8,0,9,0,0.0,SAFE,,,
505,16.833,0,10,0,0.0,SAFE,,,
506,16.867,0,9,0,0.0,SAFE,,,
507,16.9,0,9,0,0.0,SAFE,,,
508,16.933,0,10,0,0.0,SAFE,,,
509,16.967,0,11,0,0.0,SAFE,,,
510,17.0,0,10,0,0.0,SAFE,,,
511,17.033,0,10,0,0.0,SAFE,,,
512,17.067,0,10,0,0.0,SAFE,,,
513,17.1,0,11,0,0.0,SAFE,,,
514,17.133,0,8,0,0.0,SAFE,,,
515,17.167,0,10,0,0.0,SAFE,,,
516,17.2,0,9,0,0.0,SAFE,,,
517,17.233,0,10,0,0.0,SAFE,,,
518,17.267,0,11,0,0.0,SAFE,,,
519,17.3,0,12,0,0.0,SAFE,,,
520,17.333,0,12,0,0.0,SAFE,,,
521,17.367,0,10,0,0.0,SAFE,,,
522,17.4,0,11,0,0.0,SAFE,,,
523,17.433,0,9,0,0.0,SAFE,,,
524,17.467,0,9,0,0.0,SAFE,,,
525,17.5,0,11,0,0.0,SAFE,,,
526,17.533,0,9,0,0.0,SAFE,,,
527,17.567,0,9,0,0.0,SAFE,,,
528,17.6,0,10,0,0.0,SAFE,,,
529,17.633,0,10,0,0.0,SAFE,,,
530,17.667,0,11,0,0.0,SAFE,,,
531,17.7,0,10,0,0.0,SAFE,,,
532,17.733,0,10,0,0.0,SAFE,,,
533,17.767,0,10,0,0.0,SAFE,,,
534,17.8,0,9,0,0.0,SAFE,,,
535,17.833,0,10,0,0.0,SAFE,,,
536,17.867,0,10,0,0.0,SAFE,,,
537,17.9,0,9,0,0.0,SAFE,,,
538,17.933,0,9,0,0.0,SAFE,,,
539,17.967,0,9,0,0.0,SAFE,,,
540,18.0,0,9,0,0.0,SAFE,,,
541,18.033,0,11,0,0.0,SAFE,,,
542,18.067,0,10,0,0.0,SAFE,,,
543,18.1,0,10,0,0.0,SAFE,,,
544,18.133,0,10,0,0.0,SAFE,,,
545,18.167,0,12,0,0.0,SAFE,,,
546,18.2,0,12,0,0.0,SAFE,,,
547,18.233,0,13,0,0.0,SAFE,,,
548,18.267,0,13,0,0.0,SAFE,,,
549,18.3,0,12,0,0.0,SAFE,,,
550,18.333,0,12,0,0.0,SAFE,,,
551,18.367,0,11,0,0.0,SAFE,,,
552,18.4,0,11,0,0.0,SAFE,,,
553,18.433,0,12,0,0.0,SAFE,,,
554,18.467,0,10,0,0.0,SAFE,,,
555,18.5,0,11,0,0.0,SAFE,,,
556,18.533,0,10,0,0.0,SAFE,,,
557,18.567,0,9,0,0.0,SAFE,,,
558,18.6,0,10,0,0.0,SAFE,,,
559,18.633,0,10,0,0.0,SAFE,,,
560,18.667,0,10,0,0.0,SAFE,,,
561,18.7,0,11,0,0.0,SAFE,,,
562,18.733,0,11,0,0.0,SAFE,,,
563,18.767,0,10,0,0.0,SAFE,,,
564,18.8,0,8,0,0.0,SAFE,,,
565,18.833,0,9,0,0.0,SAFE,,,
566,18.867,0,9,0,0.0,SAFE,,,
567,18.9,0,9,0,0.0,SAFE,,,
568,18.933,0,9,0,0.0,SAFE,,,
569,18.967,0,10,0,0.0,SAFE,,,
570,19.0,0,8,0,0.0,SAFE,,,
571,19.033,0,9,0,0.0,SAFE,,,
572,19.067,0,9,0,0.0,SAFE,,,
573,19.1,0,10,0,0.0,SAFE,,,
574,19.133,0,9,0,0.0,SAFE,,,
575,19.167,0,9,0,0.0,SAFE,,,
576,19.2,0,9,0,0.0,SAFE,,,
577,19.233,0,7,0,0.0,SAFE,,,
578,19.267,0,7,0,0.0,SAFE,,,
579,19.3,0,7,0,0.0,SAFE,,,
580,19.333,0,10,0,0.0,SAFE,,,
581,19.367,1,10,1,100.0,RISK,car,1007,1.135
582,19.4,1,10,1,100.0,RISK,car,1007,1.12
583,19.433,0,9,0,0.0,SAFE,,,
584,19.467,0,8,0,0.0,SAFE,,,
585,19.5,0,8,0,0.0,SAFE,,,
586,19.533,0,8,0,0.0,SAFE,,,
587,19.567,0,9,0,0.0,SAFE,,,
588,19.6,0,12,0,0.0,SAFE,,,
589,19.633,0,11,0,0.0,SAFE,,,
590,19.667,0,10,0,0.0,SAFE,,,
591,19.7,0,11,0,0.0,SAFE,,,
592,19.733,0,10,0,0.0,SAFE,,,
593,19.767,0,10,0,0.0,SAFE,,,
594,19.8,1,10,1,100.0,RISK,car,1045,1.159
595,19.833,1,12,1,100.0,RISK,car,1045,1.171
596,19.867,0,12,0,0.0,SAFE,,,
597,19.9,0,13,0,0.0,SAFE,,,
598,19.933,0,13,0,0.0,SAFE,,,
599,19.967,0,13,0,0.0,SAFE,,,
600,20.0,0,12,0,0.0,SAFE,,,
601,20.033,1,13,1,100.0,RISK,car,1008,1.227
602,20.067,0,12,0,0.0,SAFE,,,
603,20.1,1,12,1,100.0,RISK,car,1008,1.213
604,20.133,0,13,0,0.0,SAFE,,,
605,20.167,0,13,0,0.0,SAFE,,,
606,20.2,1,12,1,100.0,RISK,car,1045,1.694
607,20.233,0,11,0,0.0,SAFE,,,
608,20.267,0,12,0,0.0,SAFE,,,
609,20.3,0,11,0,0.0,SAFE,,,
610,20.333,0,12,0,0.0,SAFE,,,
611,20.367,0,12,0,0.0,SAFE,,,
612,20.4,0,12,0,0.0,SAFE,,,
613,20.433,0,12,0,0.0,SAFE,,,
614,20.467,0,11,0,0.0,SAFE,,,
615,20.5,0,12,0,0.0,SAFE,,,
616,20.533,0,11,0,0.0,SAFE,,,
617,20.567,0,11,0,0.0,SAFE,,,
618,20.6,0,11,0,0.0,SAFE,,,
619,20.633,0,10,0,0.0,SAFE,,,
620,20.667,0,12,0,0.0,SAFE,,,
621,20.7,0,12,0,0.0,SAFE,,,
622,20.733,0,11,0,0.0,SAFE,,,
623,20.767,0,12,0,0.0,SAFE,,,
624,20.8,0,11,0,0.0,SAFE,,,
625,20.833,0,11,0,0.0,SAFE,,,
626,20.867,0,10,0,0.0,SAFE,,,
627,20.9,0,10,0,0.0,SAFE,,,
628,20.933,0,12,0,0.0,SAFE,,,
629,20.967,0,11,0,0.0,SAFE,,,
630,21.0,0,11,0,0.0,SAFE,,,
631,21.033,0,11,0,0.0,SAFE,,,
632,21.067,0,11,0,0.0,SAFE,,,
633,21.1,0,11,0,0.0,SAFE,,,
634,21.133,0,10,0,0.0,SAFE,,,
635,21.167,0,11,0,0.0,SAFE,,,
636,21.2,0,12,0,0.0,SAFE,,,
637,21.233,0,10,0,0.0,SAFE,,,
638,21.267,0,10,0,0.0,SAFE,,,
639,21.3,0,9,0,0.0,SAFE,,,
640,21.333,0,10,0,0.0,SAFE,,,
641,21.367,0,13,0,0.0,SAFE,,,
642,21.4,0,13,0,0.0,SAFE,,,
643,21.433,0,14,0,0.0,SAFE,,,
644,21.467,0,13,0,0.0,SAFE,,,
645,21.5,0,11,0,0.0,SAFE,,,
646,21.533,0,11,0,0.0,SAFE,,,
647,21.567,0,12,0,0.0,SAFE,,,
648,21.6,0,11,0,0.0,SAFE,,,
649,21.633,0,12,0,0.0,SAFE,,,
650,21.667,0,13,0,0.0,SAFE,,,
651,21.7,0,12,0,0.0,SAFE,,,
652,21.733,0,11,0,0.0,SAFE,,,
653,21.767,0,11,0,0.0,SAFE,,,
654,21.8,0,11,0,0.0,SAFE,,,
655,21.833,0,11,0,0.0,SAFE,,,
656,21.867,0,12,0,0.0,SAFE,,,
657,21.9,0,13,0,0.0,SAFE,,,
658,21.933,0,14,0,0.0,SAFE,,,
659,21.967,0,14,0,0.0,SAFE,,,
660,22.0,0,14,0,0.0,SAFE,,,
661,22.033,0,13,0,0.0,SAFE,,,
662,22.067,0,12,0,0.0,SAFE,,,
663,22.1,0,12,0,0.0,SAFE,,,
664,22.133,0,13,0,0.0,SAFE,,,
665,22.167,0,13,0,0.0,SAFE,,,
666,22.2,0,12,0,0.0,SAFE,,,
667,22.233,0,12,0,0.0,SAFE,,,
668,22.267,0,12,0,0.0,SAFE,,,
669,22.3,0,12,0,0.0,SAFE,,,
670,22.333,0,11,0,0.0,SAFE,,,
671,22.367,0,11,0,0.0,SAFE,,,
672,22.4,0,12,0,0.0,SAFE,,,
673,22.433,0,11,0,0.0,SAFE,,,
674,22.467,0,11,0,0.0,SAFE,,,
675,22.5,0,11,0,0.0,SAFE,,,
676,22.533,0,12,0,0.0,SAFE,,,
677,22.567,0,11,0,0.0,SAFE,,,
678,22.6,0,12,0,0.0,SAFE,,,
679,22.633,0,12,0,0.0,SAFE,,,
680,22.667,0,12,0,0.0,SAFE,,,
681,22.7,0,12,0,0.0,SAFE,,,
682,22.733,0,12,0,0.0,SAFE,,,
683,22.767,0,12,0,0.0,SAFE,,,
684,22.8,0,12,0,0.0,SAFE,,,
685,22.833,0,12,0,0.0,SAFE,,,
686,22.867,0,12,0,0.0,SAFE,,,
687,22.9,0,12,0,0.0,SAFE,,,
688,22.933,0,12,0,0.0,SAFE,,,
689,22.967,0,12,0,0.0,SAFE,,,
690,23.0,0,12,0,0.0,SAFE,,,
691,23.033,0,12,0,0.0,SAFE,,,
692,23.067,0,13,0,0.0,SAFE,,,
693,23.1,0,12,0,0.0,SAFE,,,
694,23.133,0,12,0,0.0,SAFE,,,
695,23.167,0,11,0,0.0,SAFE,,,
696,23.2,0,12,0,0.0,SAFE,,,
697,23.233,0,12,0,0.0,SAFE,,,
698,23.267,0,12,0,0.0,SAFE,,,
699,23.3,0,12,0,0.0,SAFE,,,
700,23.333,0,12,0,0.0,SAFE,,,
701,23.367,0,13,0,0.0,SAFE,,,
702,23.4,0,12,0,0.0,SAFE,,,
703,23.433,0,12,0,0.0,SAFE,,,
704,23.467,0,12,0,0.0,SAFE,,,
705,23.5,0,12,0,0.0,SAFE,,,
706,23.533,0,13,0,0.0,SAFE,,,
707,23.567,0,13,0,0.0,SAFE,,,
708,23.6,0,14,0,0.0,SAFE,,,
709,23.633,0,13,0,0.0,SAFE,,,
710,23.667,0,13,0,0.0,SAFE,,,
711,23.7,0,13,0,0.0,SAFE,,,
712,23.733,0,14,0,0.0,SAFE,,,
713,23.767,0,13,0,0.0,SAFE,,,
714,23.8,0,13,0,0.0,SAFE,,,
715,23.833,0,13,0,0.0,SAFE,,,
716,23.867,0,13,0,0.0,SAFE,,,
717,23.9,0,13,0,0.0,SAFE,,,
718,23.933,0,13,0,0.0,SAFE,,,
719,23.967,0,13,0,0.0,SAFE,,,
720,24.0,0,13,0,0.0,SAFE,,,
721,24.033,0,13,0,0.0,SAFE,,,
722,24.067,0,13,0,0.0,SAFE,,,
723,24.1,0,13,0,0.0,SAFE,,,
724,24.133,0,12,0,0.0,SAFE,,,
725,24.167,0,12,0,0.0,SAFE,,,
726,24.2,0,13,0,0.0,SAFE,,,
727,24.233,0,12,0,0.0,SAFE,,,
728,24.267,0,12,0,0.0,SAFE,,,
729,24.3,0,11,0,0.0,SAFE,,,
730,24.333,0,13,0,0.0,SAFE,,,
731,24.367,0,13,0,0.0,SAFE,,,
732,24.4,0,13,0,0.0,SAFE,,,
733,24.433,0,12,0,0.0,SAFE,,,
734,24.467,0,12,0,0.0,SAFE,,,
735,24.5,0,12,0,0.0,SAFE,,,
736,24.533,0,12,0,0.0,SAFE,,,
737,24.567,0,12,0,0.0,SAFE,,,
738,24.6,0,12,0,0.0,SAFE,,,
739,24.633,0,12,0,0.0,SAFE,,,
740,24.667,0,11,0,0.0,SAFE,,,
741,24.7,0,12,0,0.0,SAFE,,,
742,24.733,0,12,0,0.0,SAFE,,,
743,24.767,0,13,0,0.0,SAFE,,,
744,24.8,0,13,0,0.0,SAFE,,,
745,24.833,0,13,0,0.0,SAFE,,,
746,24.867,0,13,0,0.0,SAFE,,,
747,24.9,0,13,0,0.0,SAFE,,,
748,24.933,0,13,0,0.0,SAFE,,,
749,24.967,0,13,0,0.0,SAFE,,,
750,25.0,0,13,0,0.0,SAFE,,,
751,25.033,0,12,0,0.0,SAFE,,,
752,25.067,0,12,0,0.0,SAFE,,,
753,25.1,0,12,0,0.0,SAFE,,,
754,25.133,0,13,0,0.0,SAFE,,,
755,25.167,0,13,0,0.0,SAFE,,,
756,25.2,0,13,0,0.0,SAFE,,,
757,25.233,0,12,0,0.0,SAFE,,,
758,25.267,0,12,0,0.0,SAFE,,,
759,25.3,0,12,0,0.0,SAFE,,,
760,25.333,0,12,0,0.0,SAFE,,,
761,25.367,0,12,0,0.0,SAFE,,,
762,25.4,0,12,0,0.0,SAFE,,,
763,25.433,0,12,0,0.0,SAFE,,,
764,25.467,0,12,0,0.0,SAFE,,,
765,25.5,0,12,0,0.0,SAFE,,,
766,25.533,0,13,0,0.0,SAFE,,,
767,25.567,0,13,0,0.0,SAFE,,,
768,25.6,0,12,0,0.0,SAFE,,,
769,25.633,0,12,0,0.0,SAFE,,,
770,25.667,0,12,0,0.0,SAFE,,,
771,25.7,0,12,0,0.0,SAFE,,,
772,25.733,0,12,0,0.0,SAFE,,,
773,25.767,0,12,0,0.0,SAFE,,,
774,25.8,0,12,0,0.0,SAFE,,,
775,25.833,0,12,0,0.0,SAFE,,,
776,25.867,0,12,0,0.0,SAFE,,,
777,25.9,0,12,0,0.0,SAFE,,,
778,25.933,0,12,0,0.0,SAFE,,,
779,25.967,0,12,0,0.0,SAFE,,,
780,26.0,0,12,0,0.0,SAFE,,,
781,26.033,0,12,0,0.0,SAFE,,,
782,26.067,0,12,0,0.0,SAFE,,,
783,26.1,0,12,0,0.0,SAFE,,,
784,26.133,0,12,0,0.0,SAFE,,,
785,26.167,0,12,0,0.0,SAFE,,,
786,26.2,0,12,0,0.0,SAFE,,,
787,26.233,0,12,0,0.0,SAFE,,,
788,26.267,0,12,0,0.0,SAFE,,,
789,26.3,0,12,0,0.0,SAFE,,,
790,26.333,0,12,0,0.0,SAFE,,,
791,26.367,0,12,0,0.0,SAFE,,,
792,26.4,0,13,0,0.0,SAFE,,,
793,26.433,0,12,0,0.0,SAFE,,,
794,26.467,0,12,0,0.0,SAFE,,,
795,26.5,0,12,0,0.0,SAFE,,,
796,26.533,0,13,0,0.0,SAFE,,,
797,26.567,0,14,0,0.0,SAFE,,,
798,26.6,0,13,0,0.0,SAFE,,,
799,26.633,0,13,0,0.0,SAFE,,,
800,26.667,0,13,0,0.0,SAFE,,,
801,26.7,0,13,0,0.0,SAFE,,,
802,26.733,0,13,0,0.0,SAFE,,,
803,26.767,0,14,0,0.0,SAFE,,,
804,26.8,0,14,0,0.0,SAFE,,,
805,26.833,0,12,0,0.0,SAFE,,,
806,26.867,0,13,0,0.0,SAFE,,,
807,26.9,0,12,0,0.0,SAFE,,,
808,26.933,0,12,0,0.0,SAFE,,,
809,26.967,0,12,0,0.0,SAFE,,,
810,27.0,0,12,0,0.0,SAFE,,,
811,27.033,0,13,0,0.0,SAFE,,,
812,27.067,0,13,0,0.0,SAFE,,,
813,27.1,0,13,0,0.0,SAFE,,,
814,27.133,0,13,0,0.0,SAFE,,,
815,27.167,0,13,0,0.0,SAFE,,,
816,27.2,0,13,0,0.0,SAFE,,,
817,27.233,0,13,0,0.0,SAFE,,,
818,27.267,0,14,0,0.0,SAFE,,,
819,27.3,0,14,0,0.0,SAFE,,,
820,27.333,0,14,0,0.0,SAFE,,,
821,27.367,0,13,0,0.0,SAFE,,,
822,27.4,0,13,0,0.0,SAFE,,,
823,27.433,0,12,0,0.0,SAFE,,,
824,27.467,0,14,0,0.0,SAFE,,,
825,27.5,0,12,0,0.0,SAFE,,,
826,27.533,0,12,0,0.0,SAFE,,,
827,27.567,0,12,0,0.0,SAFE,,,
828,27.6,0,12,0,0.0,SAFE,,,
829,27.633,0,12,0,0.0,SAFE,,,
830,27.667,0,12,0,0.0,SAFE,,,
831,27.7,0,12,0,0.0,SAFE,,,
832,27.733,0,13,0,0.0,SAFE,,,
833,27.767,0,13,0,0.0,SAFE,,,
834,27.8,0,12,0,0.0,SAFE,,,
835,27.833,0,13,0,0.0,SAFE,,,
836,27.867,0,13,0,0.0,SAFE,,,
837,27.9,0,12,0,0.0,SAFE,,,
838,27.933,0,12,0,0.0,SAFE,,,
839,27.967,0,12,0,0.0,SAFE,,,
840,28.0,0,12,0,0.0,SAFE,,,
841,28.033,0,12,0,0.0,SAFE,,,
842,28.067,0,12,0,0.0,SAFE,,,
843,28.1,0,13,0,0.0,SAFE,,,
844,28.133,0,14,0,0.0,SAFE,,,
845,28.167,0,14,0,0.0,SAFE,,,
846,28.2,0,13,0,0.0,SAFE,,,
847,28.233,0,13,0,0.0,SAFE,,,
848,28.267,0,13,0,0.0,SAFE,,,
849,28.3,0,13,0,0.0,SAFE,,,
850,28.333,0,12,0,0.0,SAFE,,,
851,28.367,0,13,0,0.0,SAFE,,,
852,28.4,0,13,0,0.0,SAFE,,,
853,28.433,0,13,0,0.0,SAFE,,,
854,28.467,0,15,0,0.0,SAFE,,,
855,28.5,0,15,0,0.0,SAFE,,,
856,28.533,0,16,0,0.0,SAFE,,,
857,28.567,0,16,0,0.0,SAFE,,,
858,28.6,0,15,0,0.0,SAFE,,,
859,28.633,0,16,0,0.0,SAFE,,,
860,28.667,0,16,0,0.0,SAFE,,,
861,28.7,0,16,0,0.0,SAFE,,,
862,28.733,0,14,0,0.0,SAFE,,,
863,28.767,0,14,0,0.0,SAFE,,,
864,28.8,0,14,0,0.0,SAFE,,,
865,28.833,0,14,0,0.0,SAFE,,,
866,28.867,0,14,0,0.0,SAFE,,,
867,28.9,0,14,0,0.0,SAFE,,,
868,28.933,0,14,0,0.0,SAFE,,,
869,28.967,0,15,0,0.0,SAFE,,,
870,29.0,0,15,0,0.0,SAFE,,,
871,29.033,0,15,0,0.0,SAFE,,,
872,29.067,0,14,0,0.0,SAFE,,,
873,29.1,0,15,0,0.0,SAFE,,,
874,29.133,0,15,0,0.0,SAFE,,,
875,29.167,0,14,0,0.0,SAFE,,,
876,29.2,0,14,0,0.0,SAFE,,,
877,29.233,0,14,0,0.0,SAFE,,,
878,29.267,0,14,0,0.0,SAFE,,,
879,29.3,0,14,0,0.0,SAFE,,,
880,29.333,0,13,0,0.0,SAFE,,,
881,29.367,0,14,0,0.0,SAFE,,,
882,29.4,0,15,0,0.0,SAFE,,,
883,29.433,0,13,0,0.0,SAFE,,,
884,29.467,0,13,0,0.0,SAFE,,,
885,29.5,0,13,0,0.0,SAFE,,,
886,29.533,0,14,0,0.0,SAFE,,,
887,29.567,0,13,0,0.0,SAFE,,,
888,29.6,0,13,0,0.0,SAFE,,,
889,29.633,0,13,0,0.0,SAFE,,,
890,29.667,0,13,0,0.0,SAFE,,,
891,29.7,0,13,0,0.0,SAFE,,,
892,29.733,0,13,0,0.0,SAFE,,,
893,29.767,0,13,0,0.0,SAFE,,,
894,29.8,0,13,0,0.0,SAFE,,,
895,29.833,0,13,0,0.0,SAFE,,,
896,29.867,0,14,0,0.0,SAFE,,,
897,29.9,0,13,0,0.0,SAFE,,,
898,29.933,0,13,0,0.0,SAFE,,,
899,29.967,0,13,0,0.0,SAFE,,,
900,30.0,0,13,0,0.0,SAFE,,,
901,30.033,0,13,0,0.0,SAFE,,,
902,30.067,0,13,0,0.0,SAFE,,,
903,30.1,0,13,0,0.0,SAFE,,,
904,30.133,0,13,0,0.0,SAFE,,,
905,30.167,0,13,0,0.0,SAFE,,,
906,30.2,0,13,0,0.0,SAFE,,,
907,30.233,0,13,0,0.0,SAFE,,,
908,30.267,0,13,0,0.0,SAFE,,,
909,30.3,0,13,0,0.0,SAFE,,,
910,30.333,0,13,0,0.0,SAFE,,,
911,30.367,0,13,0,0.0,SAFE,,,
912,30.4,0,13,0,0.0,SAFE,,,
913,30.433,0,13,0,0.0,SAFE,,,
914,30.467,0,14,0,0.0,SAFE,,,
915,30.5,0,14,0,0.0,SAFE,,,
916,30.533,0,14,0,0.0,SAFE,,,
917,30.567,0,14,0,0.0,SAFE,,,
918,30.6,0,14,0,0.0,SAFE,,,
919,30.633,0,14,0,0.0,SAFE,,,
920,30.667,0,14,0,0.0,SAFE,,,
921,30.7,0,14,0,0.0,SAFE,,,
922,30.733,0,14,0,0.0,SAFE,,,
923,30.767,0,15,0,0.0,SAFE,,,
924,30.8,0,15,0,0.0,SAFE,,,
925,30.833,0,15,0,0.0,SAFE,,,
926,30.867,0,14,0,0.0,SAFE,,,
927,30.9,0,15,0,0.0,SAFE,,,
928,30.933,0,14,0,0.0,SAFE,,,
929,30.967,0,14,0,0.0,SAFE,,,
930,31.0,0,14,0,0.0,SAFE,,,
931,31.033,0,14,0,0.0,SAFE,,,
932,31.067,0,14,0,0.0,SAFE,,,
933,31.1,0,15,0,0.0,SAFE,,,
934,31.133,0,14,0,0.0,SAFE,,,
935,31.167,0,14,0,0.0,SAFE,,,
936,31.2,0,14,0,0.0,SAFE,,,
937,31.233,0,14,0,0.0,SAFE,,,
938,31.267,0,14,0,0.0,SAFE,,,
939,31.3,0,15,0,0.0,SAFE,,,
940,31.333,0,14,0,0.0,SAFE,,,
941,31.367,0,14,0,0.0,SAFE,,,
942,31.4,0,14,0,0.0,SAFE,,,
943,31.433,0,13,0,0.0,SAFE,,,
944,31.467,0,14,0,0.0,SAFE,,,
945,31.5,0,14,0,0.0,SAFE,,,
946,31.533,0,14,0,0.0,SAFE,,,
947,31.567,0,13,0,0.0,SAFE,,,
948,31.6,0,14,0,0.0,SAFE,,,
949,31.633,0,13,0,0.0,SAFE,,,
950,31.667,0,11,0,0.0,SAFE,,,
951,31.7,0,13,0,0.0,SAFE,,,
952,31.733,0,13,0,0.0,SAFE,,,
953,31.767,0,13,0,0.0,SAFE,,,
954,31.8,0,14,0,0.0,SAFE,,,
955,31.833,0,14,0,0.0,SAFE,,,
956,31.867,0,14,0,0.0,SAFE,,,
957,31.9,0,13,0,0.0,SAFE,,,
958,31.933,0,14,0,0.0,SAFE,,,
959,31.967,0,13,0,0.0,SAFE,,,
960,32.0,0,14,0,0.0,SAFE,,,
961,32.033,0,15,0,0.0,SAFE,,,
962,32.067,0,14,0,0.0,SAFE,,,
963,32.1,0,14,0,0.0,SAFE,,,
964,32.133,0,14,0,0.0,SAFE,,,
965,32.167,0,14,0,0.0,SAFE,,,
966,32.2,0,15,0,0.0,SAFE,,,
967,32.233,0,14,0,0.0,SAFE,,,
968,32.267,0,15,0,0.0,SAFE,,,
969,32.3,0,15,0,0.0,SAFE,,,
970,32.333,0,13,0,0.0,SAFE,,,
971,32.367,0,15,0,0.0,SAFE,,,
972,32.4,0,15,0,0.0,SAFE,,,
973,32.433,0,14,0,0.0,SAFE,,,
974,32.467,0,16,0,0.0,SAFE,,,
975,32.5,0,16,0,0.0,SAFE,,,
976,32.533,0,16,0,0.0,SAFE,,,
977,32.567,0,16,0,0.0,SAFE,,,
978,32.6,0,16,0,0.0,SAFE,,,
979,32.633,0,16,0,0.0,SAFE,,,
980,32.667,0,16,0,0.0,SAFE,,,
981,32.7,0,15,0,0.0,SAFE,,,
982,32.733,0,15,0,0.0,SAFE,,,
983,32.767,0,14,0,0.0,SAFE,,,
984,32.8,0,15,0,0.0,SAFE,,,
985,32.833,0,14,0,0.0,SAFE,,,
986,32.867,0,13,0,0.0,SAFE,,,
987,32.9,0,13,0,0.0,SAFE,,,
988,32.933,0,14,0,0.0,SAFE,,,
989,32.967,0,14,0,0.0,SAFE,,,
990,33.0,0,13,0,0.0,SAFE,,,
991,33.033,0,13,0,0.0,SAFE,,,
992,33.067,0,13,0,0.0,SAFE,,,
993,33.1,0,13,0,0.0,SAFE,,,
994,33.133,0,13,0,0.0,SAFE,,,
995,33.167,0,12,0,0.0,SAFE,,,
996,33.2,0,12,0,0.0,SAFE,,,
997,33.233,0,13,0,0.0,SAFE,,,
998,33.267,0,13,0,0.0,SAFE,,,
999,33.3,0,13,0,0.0,SAFE,,,
1000,33.333,0,13,0,0.0,SAFE,,,
1001,33.367,0,14,0,0.0,SAFE,,,
1002,33.4,0,14,0,0.0,SAFE,,,
1003,33.433,0,14,0,0.0,SAFE,,,
1004,33.467,0,14,0,0.0,SAFE,,,
1005,33.5,0,14,0,0.0,SAFE,,,
1006,33.533,0,15,0,0.0,SAFE,,,
1007,33.567,0,15,0,0.0,SAFE,,,
1008,33.6,0,14,0,0.0,SAFE,,,
1009,33.633,0,13,0,0.0,SAFE,,,
1010,33.667,0,13,0,0.0,SAFE,,,
1011,33.7,0,13,0,0.0,SAFE,,,
1012,33.733,0,14,0,0.0,SAFE,,,
1013,33.767,0,15,0,0.0,SAFE,,,
1014,33.8,0,14,0,0.0,SAFE,,,
1015,33.833,0,15,0,0.0,SAFE,,,
1016,33.867,0,16,0,0.0,SAFE,,,
1017,33.9,0,16,0,0.0,SAFE,,,
1018,33.933,0,14,0,0.0,SAFE,,,
1019,33.967,0,16,0,0.0,SAFE,,,
1020,34.0,0,14,0,0.0,SAFE,,,
1021,34.033,0,14,0,0.0,SAFE,,,
1022,34.067,0,14,0,0.0,SAFE,,,
1023,34.1,0,15,0,0.0,SAFE,,,
1024,34.133,0,15,0,0.0,SAFE,,,
1025,34.167,0,14,0,0.0,SAFE,,,
1026,34.2,0,16,0,0.0,SAFE,,,
1027,34.233,0,16,0,0.0,SAFE,,,
1028,34.267,0,15,0,0.0,SAFE,,,
1029,34.3,0,18,0,0.0,SAFE,,,
1030,34.333,0,18,0,0.0,SAFE,,,
1031,34.367,0,17,0,0.0,SAFE,,,
1032,34.4,0,16,0,0.0,SAFE,,,
1033,34.433,0,16,0,0.0,SAFE,,,
1034,34.467,0,16,0,0.0,SAFE,,,
1035,34.5,0,16,0,0.0,SAFE,,,
1036,34.533,0,16,0,0.0,SAFE,,,
1037,34.567,0,14,0,0.0,SAFE,,,
1038,34.6,0,15,0,0.0,SAFE,,,
1039,34.633,0,15,0,0.0,SAFE,,,
1040,34.667,0,14,0,0.0,SAFE,,,
1041,34.7,0,13,0,0.0,SAFE,,,
1042,34.733,0,13,0,0.0,SAFE,,,
1043,34.767,0,13,0,0.0,SAFE,,,
1044,34.8,0,14,0,0.0,SAFE,,,
1045,34.833,0,15,0,0.0,SAFE,,,
1046,34.867,0,13,0,0.0,SAFE,,,
1047,34.9,0,13,0,0.0,SAFE,,,
1048,34.933,0,13,0,0.0,SAFE,,,
1049,34.967,0,14,0,0.0,SAFE,,,
1050,35.0,0,13,0,0.0,SAFE,,,
1051,35.033,0,14,0,0.0,SAFE,,,
1052,35.067,0,14,0,0.0,SAFE,,,
1053,35.1,0,14,0,0.0,SAFE,,,
1054,35.133,0,14,0,0.0,SAFE,,,
1055,35.167,0,13,0,0.0,SAFE,,,
1056,35.2,0,14,0,0.0,SAFE,,,
1057,35.233,0,13,0,0.0,SAFE,,,
1058,35.267,0,13,0,0.0,SAFE,,,
1059,35.3,0,13,0,0.0,SAFE,,,
1060,35.333,0,15,0,0.0,SAFE,,,
1061,35.367,0,14,0,0.0,SAFE,,,
1062,35.4,0,15,0,0.0,SAFE,,,
1063,35.433,0,13,0,0.0,SAFE,,,
1064,35.467,0,12,0,0.0,SAFE,,,
1065,35.5,0,12,0,0.0,SAFE,,,
1066,35.533,0,13,0,0.0,SAFE,,,
1067,35.567,0,14,0,0.0,SAFE,,,
1068,35.6,0,15,0,0.0,SAFE,,,
1069,35.633,0,14,0,0.0,SAFE,,,
1070,35.667,0,15,0,0.0,SAFE,,,
1071,35.7,0,15,0,0.0,SAFE,,,
1072,35.733,0,14,0,0.0,SAFE,,,
1073,35.767,0,15,0,0.0,SAFE,,,
1074,35.8,0,15,0,0.0,SAFE,,,
1075,35.833,0,16,0,0.0,SAFE,,,
1076,35.867,0,16,0,0.0,SAFE,,,
1077,35.9,0,15,0,0.0,SAFE,,,
1078,35.933,0,15,0,0.0,SAFE,,,
1079,35.967,0,16,0,0.0,SAFE,,,
1080,36.0,0,15,0,0.0,SAFE,,,
1081,36.033,0,13,0,0.0,SAFE,,,
1082,36.067,0,13,0,0.0,SAFE,,,
1083,36.1,0,14,0,0.0,SAFE,,,
1084,36.133,0,13,0,0.0,SAFE,,,
1085,36.167,0,12,0,0.0,SAFE,,,
1086,36.2,0,12,0,0.0,SAFE,,,
1087,36.233,0,15,0,0.0,SAFE,,,
1088,36.267,0,15,0,0.0,SAFE,,,
1089,36.3,0,13,0,0.0,SAFE,,,
1090,36.333,0,14,0,0.0,SAFE,,,
1091,36.367,0,15,0,0.0,SAFE,,,
1092,36.4,0,15,0,0.0,SAFE,,,
1093,36.433,0,14,0,0.0,SAFE,,,
1094,36.467,0,15,0,0.0,SAFE,,,
1095,36.5,0,14,0,0.0,SAFE,,,
1096,36.533,0,14,0,0.0,SAFE,,,
1097,36.567,0,15,0,0.0,SAFE,,,
1098,36.6,0,16,0,0.0,SAFE,,,
1099,36.633,0,14,0,0.0,SAFE,,,
1100,36.667,0,13,0,0.0,SAFE,,,
1101,36.7,0,13,0,0.0,SAFE,,,
1102,36.733,0,14,0,0.0,SAFE,,,
1103,36.767,0,13,0,0.0,SAFE,,,
1104,36.8,0,14,0,0.0,SAFE,,,
1105,36.833,0,14,0,0.0,SAFE,,,
1106,36.867,0,14,0,0.0,SAFE,,,
1107,36.9,0,14,0,0.0,SAFE,,,
1108,36.933,0,14,0,0.0,SAFE,,,
1109,36.967,0,14,0,0.0,SAFE,,,
1110,37.0,0,14,0,0.0,SAFE,,,
1111,37.033,0,14,0,0.0,SAFE,,,
1112,37.067,0,14,0,0.0,SAFE,,,
1113,37.1,0,14,0,0.0,SAFE,,,
1114,37.133,0,14,0,0.0,SAFE,,,
1115,37.167,0,14,0,0.0,SAFE,,,
1116,37.2,0,14,0,0.0,SAFE,,,
1117,37.233,0,14,0,0.0,SAFE,,,
1118,37.267,0,15,0,0.0,SAFE,,,
1119,37.3,0,15,0,0.0,SAFE,,,
1120,37.333,0,16,0,0.0,SAFE,,,
1121,37.367,0,14,0,0.0,SAFE,,,
1122,37.4,0,14,0,0.0,SAFE,,,
1123,37.433,0,14,0,0.0,SAFE,,,
1124,37.467,0,15,0,0.0,SAFE,,,
1125,37.5,0,15,0,0.0,SAFE,,,
1126,37.533,0,15,0,0.0,SAFE,,,
1127,37.567,0,15,0,0.0,SAFE,,,
1128,37.6,0,15,0,0.0,SAFE,,,
1129,37.633,0,15,0,0.0,SAFE,,,
1130,37.667,0,15,0,0.0,SAFE,,,
1131,37.7,0,15,0,0.0,SAFE,,,
1132,37.733,0,15,0,0.0,SAFE,,,
1133,37.767,0,15,0,0.0,SAFE,,,
1134,37.8,0,15,0,0.0,SAFE,,,
1135,37.833,0,15,0,0.0,SAFE,,,
1136,37.867,0,15,0,0.0,SAFE,,,
1137,37.9,0,15,0,0.0,SAFE,,,
1138,37.933,0,15,0,0.0,SAFE,,,
1139,37.967,0,15,0,0.0,SAFE,,,
1140,38.0,0,15,0,0.0,SAFE,,,
1141,38.033,0,15,0,0.0,SAFE,,,
1142,38.067,0,15,0,0.0,SAFE,,,
1143,38.1,0,15,0,0.0,SAFE,,,
1144,38.133,0,15,0,0.0,SAFE,,,
1145,38.167,0,15,0,0.0,SAFE,,,
1146,38.2,0,15,0,0.0,SAFE,,,
1147,38.233,0,15,0,0.0,SAFE,,,
1148,38.267,0,16,0,0.0,SAFE,,,
1149,38.3,0,16,0,0.0,SAFE,,,
1150,38.333,0,16,0,0.0,SAFE,,,
1151,38.367,0,15,0,0.0,SAFE,,,
1152,38.4,0,16,0,0.0,SAFE,,,
1153,38.433,0,15,0,0.0,SAFE,,,
1154,38.467,0,15,0,0.0,SAFE,,,
1155,38.5,0,15,0,0.0,SAFE,,,
1156,38.533,0,16,0,0.0,SAFE,,,
1157,38.567,0,16,0,0.0,SAFE,,,
1158,38.6,0,14,0,0.0,SAFE,,,
1159,38.633,0,16,0,0.0,SAFE,,,
1160,38.667,0,16,0,0.0,SAFE,,,
1161,38.7,0,16,0,0.0,SAFE,,,
1162,38.733,0,16,0,0.0,SAFE,,,
1163,38.767,0,16,0,0.0,SAFE,,,
1164,38.8,0,16,0,0.0,SAFE,,,
1165,38.833,0,16,0,0.0,SAFE,,,
1166,38.867,0,16,0,0.0,SAFE,,,
1167,38.9,0,16,0,0.0,SAFE,,,
1168,38.933,0,15,0,0.0,SAFE,,,
1169,38.967,0,16,0,0.0,SAFE,,,
1170,39.0,0,16,0,0.0,SAFE,,,
1171,39.033,0,15,0,0.0,SAFE,,,
1172,39.067,0,16,0,0.0,SAFE,,,
1173,39.1,0,16,0,0.0,SAFE,,,
1174,39.133,0,16,0,0.0,SAFE,,,
1175,39.167,0,16,0,0.0,SAFE,,,
1176,39.2,0,15,0,0.0,SAFE,,,
1177,39.233,0,16,0,0.0,SAFE,,,
1178,39.267,0,16,0,0.0,SAFE,,,
1179,39.3,0,16,0,0.0,SAFE,,,
1180,39.333,0,16,0,0.0,SAFE,,,
1181,39.367,0,15,0,0.0,SAFE,,,
1182,39.4,0,16,0,0.0,SAFE,,,
1183,39.433,0,15,0,0.0,SAFE,,,
1184,39.467,0,15,0,0.0,SAFE,,,
1185,39.5,0,15,0,0.0,SAFE,,,
1186,39.533,0,15,0,0.0,SAFE,,,
1187,39.567,0,15,0,0.0,SAFE,,,
1188,39.6,0,15,0,0.0,SAFE,,,
1189,39.633,0,16,0,0.0,SAFE,,,
1190,39.667,0,16,0,0.0,SAFE,,,
1191,39.7,0,16,0,0.0,SAFE,,,
1192,39.733,0,16,0,0.0,SAFE,,,
1193,39.767,0,16,0,0.0,SAFE,,,
1194,39.8,0,16,0,0.0,SAFE,,,
1195,39.833,0,16,0,0.0,SAFE,,,
1196,39.867,0,15,0,0.0,SAFE,,,
1197,39.9,0,16,0,0.0,SAFE,,,
1198,39.933,0,16,0,0.0,SAFE,,,
